filename,status,error_message
thinkjava2.pdf,success,
programming-fundamentals-a-modular-structured-approach.pdf,success,
thinkCSpy.pdf,success,
Database-Design-2nd-Edition-1660153697.pdf,success,
progit.pdf,success,
Essentials of Geographic Information Systems.pdf,success,
jjj-os-20170625.pdf,success,
Information Systems for Business and Beyond.pdf,success,
Business Information Systems.pdf,success,
thinkpython2.pdf,success,
WRGTextbook.pdf,success,
Sociology-1614012410.pdf,success,
gess104.pdf,success,
fess102.pdf,success,
gess107.pdf,success,
fess303.pdf,success,
fess108.pdf,success,
gess308.pdf,success,
World-Regional-Geography-1663791901.pdf,success,
fess204.pdf,success,
fess307.pdf,success,
fess201.pdf,success,
gess108.pdf,success,
gess305.pdf,success,
gess101.pdf,success,
fess109.pdf,success,
fess105.pdf,success,
fess104.pdf,success,
gess106.pdf,success,
fess202.pdf,success,
gess301.pdf,success,
gess303.pdf,success,
USHistory-WEB.pdf,success,
fess306.pdf,success,
World History Textbook-082817.pdf,success,
fess106.pdf,success,
Fundamentals of Human Geography.pdf,success,
gess302.pdf,success,
gess105.pdf,success,
gess103.pdf,success,
Social Problems - Continuity and Change.pdf,success,
fess110.pdf,success,
Introduction to Human Geography (2nd Edition).pdf,success,
fess308.pdf,success,
Community Resilience to Climate Change_ Theory Research and Prac.pdf,success,
fess305.pdf,success,
fess302.pdf,success,
gess304.pdf,success,
fess103.pdf,success,
OERI-Archaeology_Final_4_29.pdf,success,
fess206.pdf,success,
fess304.pdf,success,
IntroductiontoSociology3e-WEB_9QTqRGQ.pdf,success,
IntroductiontoAnthropology-WEB.pdf,success,
fess101.pdf,success,
fess203.pdf,success,
gess307.pdf,success,
gess102.pdf,success,
gess306.pdf,success,
US-History-I-Full-Text .pdf,success,
fess205.pdf,success,
fess107.pdf,success,
fess301.pdf,success,
Introduction-to-Psychology-1581543707.pdf,success,
CalculusVolume2-OP.pdf,success,
document.pdf,success,
CalculusVolume3-OP.pdf,success,
mitres_18_001_f17_full_book.pdf,success,
prob.pdf,success,
Main.pdf,success,
CalculusVolume1-OP.pdf,success,
Intermediate Algebra.pdf,success,
szca07042013.pdf,success,
ElementaryAlgebra2e-WEB_EjIP4sI.pdf,success,
Elementary Algebra.pdf,success,
szct07042013.pdf,success,
General-Microbiology-1636412688.pdf,success,
Biology2e-OP_aHSFm3Y.pdf,success,
Annotated Cell and Molecular Biology 5e_ What We Know and How We.pdf,success,
Anatomy and Physiology Preparatory Course Textbook (2nd Edition).pdf,success,
GeneralBiology.pdf,success,
Kansas State University Human Nutrition (FNDH 400) Flexbook.pdf,success,
Anatomy_and_Physiology_of_Animals.pdf,success,
A-Student039s-Guide-to-Tropical-Marine-Biology-1576764974._print.pdf,success,
Foundations-of-Epidemiology-1702967532.pdf,success,
Veterinary-Histology-1598649965.pdf,success,
Biofundamentals.pdf,success,
Environmental-Biology-1696032563.pdf,success,
clark-college-human-biology.pdf,success,
cells_complete.pdf,success,
Health Science 100 V3.pdf,success,
Concepts of Fitness and Wellness 3rd Edition.pdf,success,
v10-screen.pdf,success,
R_Forces_Energy.pdf,success,
Introductory Chemistry.pdf,success,
"General Chemistry Principles, Patterns, and Applications.pdf",success,
R_IMFs_Properties.pdf,success,
Organic Chemistry with a Biological Emphasis Volume II.pdf,success,
R_PE_Interactions.pdf,success,
concept-development-studies-in-chemistry.pdf,success,
Organic Chemistry with a Biological Emphasis Volume I.pdf,success,
Chemistry2e-WEB.pdf,success,
ChemistryAtomsFirst2e-WEB.pdf,success,
R_Covalent_Bonding_LDFs.pdf,success,
introduction-to-chemistry-general-organic-and-biological.pdf,success,
R_Periodic_Trends.pdf,success,
motionmountain-volume1.pdf,success,
lm.pdf,success,
College_Physics_2e-WEB_7Zesafu.pdf,success,
